[
    {
        "Province": "Alberta",
        "City": [
            "Airdrie",
            "Beaumont",
            "Brooks",
            "Calgary",
            "Camrose",
            "Chestermere",
            "Cold Lake",
            "Edmonton",
            "Fort Saskatchewan",
            "Grande Prairie",
            "Lacombe",
            "Leduc",
            "Lethbridge",
            "Lloydminster",
            "Medicine Hat",
            "Red Deer",
            "Spruce Grove",
            "St. Albert",
            "Wetaskiwin"
        ],
        "Town": [
            "Athabasca",
            "Banff",
            "Barrhead",
            "Bashaw",
            "Bassano",
            "Beaverlodge",
            "Bentley",
            "Black Diamond",
            "Blackfalds",
            "Bon Accord",
            "Bonnyville",
            "Bow Island",
            "Bowden",
            "Bruderheim",
            "Calmar",
            "Canmore",
            "Cardston",
            "Carstairs",
            "Castor",
            "Claresholm",
            "Coaldale",
            "Coalhurst",
            "Cochrane",
            "Coronation",
            "Crossfield",
            "Daysland",
            "Devon",
            "Didsbury",
            "Drayton Valley",
            "Drumheller",
            "Eckville",
            "Edson",
            "Elk Point",
            "Fairview",
            "Falher",
            "Fort Macleod",
            "Fox Creek",
            "Gibbons",
            "Granum",
            "Grimshaw",
            "Hanna",
            "Hardisty",
            "High Level",
            "High Prairie",
            "High River",
            "Hinton",
            "Innisfail",
            "Irricana",
            "Killam",
            "Lamont",
            "Legal",
            "Magrath",
            "Manning",
            "Mayerthorpe",
            "McLennan",
            "Milk River",
            "Millet",
            "Morinville",
            "Mundare",
            "Nanton",
            "Nobleford",
            "Okotoks",
            "Olds",
            "Onoway",
            "Oyen",
            "Peace River",
            "Penhold",
            "Picture Butte",
            "Pincher Creek",
            "Ponoka",
            "Provost",
            "Rainbow Lake",
            "Raymond",
            "Redcliff",
            "Redwater",
            "Rimbey",
            "Rocky Mountain House",
            "Sedgewick",
            "Sexsmith",
            "Slave Lake",
            "Smoky Lake",
            "Spirit River",
            "St. Paul",
            "Stavely",
            "Stettler",
            "Stony Plain",
            "Strathmore",
            "Sundre",
            "Swan Hills",
            "Sylvan Lake",
            "Taber",
            "Thorsby",
            "Three Hills",
            "Tofield",
            "Trochu",
            "Turner Valley",
            "Two Hills",
            "Valleyview",
            "Vauxhall",
            "Vegreville",
            "Vermilion",
            "Viking",
            "Vulcan",
            "Wainwright",
            "Wembley",
            "Westlock",
            "Whitecourt"
        ]
    },
    {
        "Province": "British Columbia",
        "City": [
            "Abbotsford",
            "Armstrong",
            "Burnaby",
            "Campbell River",
            "Castlegar",
            "Chilliwack",
            "Colwood",
            "Coquitlam",
            "Courtenay",
            "Cranbrook",
            "Dawson Creek",
            "Delta",
            "Duncan",
            "Enderby",
            "Fernie",
            "Fort St. John",
            "Grand Forks",
            "Greenwood",
            "Kamloops",
            "Kelowna",
            "Kimberley",
            "Langford",
            "Langley",
            "Maple Ridge",
            "Merritt",
            "Nanaimo",
            "Nelson",
            "New Westminster",
            "North Vancouver",
            "Parksville",
            "Penticton",
            "Pitt Meadows",
            "Port Alberni",
            "Port Coquitlam",
            "Port Moody",
            "Powell River",
            "Prince George",
            "Prince Rupert",
            "Quesnel",
            "Revelstoke",
            "Richmond",
            "Rossland",
            "Salmon Arm",
            "Surrey",
            "Terrace",
            "Trail",
            "Vancouver",
            "Vernon",
            "Victoria",
            "West Kelowna",
            "White Rock",
            "Williams Lake"
        ],
        "Town": [
            "Comox",
            "Creston",
            "Gibsons",
            "Golden",
            "Ladysmith",
            "Lake Cowichan",
            "Oliver",
            "Osoyoos",
            "Port McNeill",
            "Princeton",
            "Qualicum Beach",
            "Sidney",
            "Smithers",
            "View Royal"
        ]
    },
    {
        "Province": "Manitoba",
        "City": [
            "Brandon",
            "Dauphin",
            "Flin Flon",
            "Morden",
            "Portage la Prairie",
            "Selkirk",
            "Steinbach",
            "Thompson",
            "Winkler",
            "Winnipeg"
        ],
        "Town": [
            "Altona",
            "Arborg",
            "Beausejour",
            "Carberry",
            "Carman",
            "Churchill",
            "Gillam",
            "Grand Rapids",
            "Lac du Bonnet",
            "Leaf Rapids",
            "Lynn Lake",
            "Melita",
            "Minnedosa",
            "Morris",
            "Neepawa",
            "Niverville",
            "PasThe Pas",
            "Powerview-Pine Falls",
            "Snow Lake",
            "Ste. Anne",
            "Stonewall",
            "Swan River",
            "Teulon",
            "Virden",
            "Winnipeg Beach",
            "Boissevain",
            "Deloraine",
            "Emerson",
            "Erickson",
            "Gilbert Plains",
            "Gladstone",
            "Grandview",
            "Gretna",
            "Hamiota",
            "Hartney",
            "MacGregor",
            "Manitou",
            "Minitonas",
            "Oak Lake",
            "Pilot Mound",
            "Plum Coulee",
            "Rapid City",
            "Rivers",
            "Roblin",
            "Rossburn",
            "Russell",
            "Souris",
            "Sainte Rose du Lac",
            "Treherne"
        ]
    },
    {
        "Province": "New Brunswick",
        "City": [
            "Bathurst",
            "Campbellton",
            "Dieppe",
            "Edmundston",
            "Fredericton",
            "Miramichi",
            "Moncton",
            "Saint John"
        ],
        "Town": [
            "Beresford",
            "Bouctouche",
            "Caraquet",
            "Dalhousie",
            "Florenceville-Bristol",
            "Grand Bay-Westfield",
            "Grand Falls",
            "Hampton",
            "Hartland",
            "Lamèque",
            "Nackawic",
            "Oromocto",
            "Quispamsis",
            "Richibucto",
            "Riverview",
            "Rothesay",
            "Sackville",
            "Saint Andrews",
            "St. George",
            "Saint-Léonard",
            "Saint-Quentin",
            "St. Stephen",
            "Shediac",
            "Shippagan",
            "Sussex",
            "Woodstock"
        ]
    },
    {
        "Province": "Newfoundland and Labrador",
        "City": [
            "Corner Brook",
            "St. John's",
            "Mount Pearl"
        ],
        "Town": [
            "Admirals Beach",
            "Anchor Point",
            "Appleton",
            "Aquaforte",
            "Arnold's Cove",
            "Avondale",
            "Badger",
            "Baie Verte",
            "Baine Harbour",
            "Bauline",
            "Bay Bulls",
            "Bay de Verde",
            "Bay L'Argent",
            "Bay Roberts",
            "Baytona",
            "Beachside",
            "Bellburns",
            "Belleoram",
            "Birchy Bay",
            "Bird Cove",
            "Bishop's Cove",
            "Bishop's Falls",
            "Bonavista",
            "Botwood",
            "Branch",
            "Brent's Cove",
            "Brighton",
            "Brigus",
            "Bryant's Cove",
            "Buchans",
            "Burgeo",
            "Burin",
            "Burlington",
            "Burnt Islands",
            "Campbellton",
            "Cape Broyle",
            "Cape St. George",
            "Carbonear",
            "Carmanville",
            "Cartwright",
            "Centreville-Wareham-Trinity",
            "Chance Cove",
            "Change Islands",
            "Channel-Port aux Basques",
            "Chapel Arm",
            "Charlottetown (Labrador)",
            "Clarenville",
            "Clarke's Beach",
            "Coachman's Cove",
            "Colinet",
            "Colliers",
            "Come By Chance",
            "Comfort Cove-Newstead",
            "Conception Bay South",
            "Conception Harbour",
            "Conche",
            "Cook's Harbour",
            "Cormack",
            "Cottlesville",
            "Cow Head",
            "Cox's Cove",
            "Crow Head",
            "Cupids",
            "Daniel's Harbour",
            "Deer Lake",
            "Dover",
            "Duntara",
            "Eastport",
            "Elliston",
            "Embree",
            "Englee",
            "English Harbour East",
            "Fermeuse",
            "Ferryland",
            "Flatrock",
            "Fleur de Lys",
            "Flower's Cove",
            "Fogo Island",
            "Forteau",
            "Fortune",
            "Fox Cove-Mortier",
            "Fox Harbour",
            "Frenchman's Cove",
            "Gallants",
            "Gambo",
            "Gander",
            "Garnish",
            "Gaskiers-Point La Haye",
            "Gaultois",
            "Gillams",
            "Glenburnie-Birchy Head-Shoal Brook",
            "Glenwood",
            "Glovertown",
            "Goose Cove East",
            "Grand Bank",
            "Grand Falls-Windsor",
            "Grand le Pierre",
            "Greenspond",
            "Hampden",
            "Hant's Harbour",
            "Happy Adventure",
            "Happy Valley-Goose Bay",
            "Harbour Breton",
            "Harbour Grace",
            "Harbour Main-Chapel's Cove-Lakeview",
            "Hare Bay",
            "Hawke's Bay",
            "Heart's Content",
            "Heart's Delight-Islington",
            "Heart's Desire",
            "Hermitage-Sandyville",
            "Holyrood",
            "Hopedale",
            "Howley",
            "Hughes Brook",
            "Humber Arm South",
            "Indian Bay",
            "Irishtown-Summerside",
            "Isle aux Morts",
            "Jackson's Arm",
            "Keels",
            "King's Cove",
            "King's Point",
            "Kippens",
            "Labrador City",
            "Lamaline",
            "L'Anse-au-Loup",
            "L'Anse-au-Clair",
            "Lark Harbour",
            "LaScie",
            "Lawn",
            "Leading Tickles",
            "Lewin's Cove",
            "Lewisporte",
            "Little Bay",
            "Little Bay East",
            "Little Bay Islands",
            "Little Burnt Bay",
            "Logy Bay-Middle Cove-Outer Cove",
            "Long Harbour-Mount Arlington Heights",
            "Lord's Cove",
            "Lourdes",
            "Lumsden",
            "Lushes Bight-Beaumont-Beaumont North",
            "Main Brook",
            "Makkovik",
            "Mary's Harbour",
            "Marystown",
            "Massey Drive",
            "McIvers",
            "Meadows",
            "Middle Arm",
            "Miles Cove",
            "Millertown",
            "Milltown-Head of Bay d'Espoir",
            "Ming's Bight",
            "Morrisville",
            "Mount Carmel-Mitchells Brook-St. Catherines",
            "Mount Moriah",
            "Musgrave Harbour",
            "Musgravetown",
            "Nain",
            "New Perlican",
            "New-Wes-Valley",
            "Nipper's Harbour",
            "Norman's Cove-Long Cove",
            "Norris Arm",
            "Norris Point",
            "North River",
            "North West River",
            "Northern Arm",
            "Old Perlican",
            "Pacquet",
            "Paradise",
            "Parkers Cove",
            "Parson's Pond",
            "Pasadena",
            "Peterview",
            "Petty Harbour-Maddox Cove",
            "Pilley's Island",
            "Pinware",
            "Placentia",
            "Point au Gaul",
            "Point Lance",
            "Point Leamington",
            "Point May",
            "Point of Bay",
            "Pool's Cove",
            "Port Anson",
            "Port au Choix",
            "Port au Port East",
            "Port au Port West-Aguathuna-Felix Cove",
            "Port Blandford",
            "Port Hope Simpson",
            "Port Kirwan",
            "Port Rexton",
            "Port Saunders",
            "Portugal Cove South",
            "Portugal Cove–St. Philip's",
            "Postville",
            "Pouch Cove",
            "Raleigh",
            "Ramea",
            "Red Bay",
            "Red Harbour",
            "Reidville",
            "Rencontre East",
            "Renews-Cappahayden",
            "Rigolet",
            "River of Ponds",
            "Riverhead",
            "Robert's Arm",
            "Rocky Harbour",
            "Roddickton-Bide Arm",
            "Rose Blanche-Harbour le Cou",
            "Rushoon",
            "Sally's Cove",
            "Salmon Cove",
            "Salvage",
            "Sandringham",
            "Sandy Cove",
            "Seal Cove (Fortune Bay)",
            "Seal Cove (White Bay)",
            "Small Point-Adam's Cove-Blackhead-Broad Cove",
            "South Brook",
            "South River",
            "Southern Harbour",
            "Spaniard's Bay",
            "Springdale",
            "St. Alban's",
            "St. Anthony",
            "St. Bernard's-Jacques Fontaine",
            "St. Brendan's",
            "St. Bride's",
            "St. George's",
            "St. Jacques-Coomb's Cove",
            "St. Joseph's",
            "St. Lawrence",
            "St. Lewis",
            "St. Lunaire-Griquet",
            "St. Mary's",
            "St. Pauls",
            "St. Shott's",
            "St. Vincent's-St. Stephen's-Peter's River",
            "Steady Brook",
            "Stephenville",
            "Stephenville Crossing",
            "Summerford",
            "Sunnyside",
            "Terra Nova",
            "Terrenceville",
            "Tilt Cove",
            "Torbay",
            "Traytown",
            "Trepassey",
            "Trinity",
            "Trinity Bay North",
            "Triton",
            "Trout River",
            "Twillingate",
            "Upper Island Cove",
            "Victoria",
            "Wabana",
            "Wabush",
            "West St. Modeste",
            "Westport",
            "Whitbourne",
            "Whiteway",
            "Winterland",
            "Winterton",
            "Witless Bay",
            "Woodstock",
            "Woody Point",
            "York Harbour"
        ]
    },
    {
        "Province": "Northwest Territories",
        "City": [
            "Yellowknife"
        ],
        "Town": [
            "Fort Smith",
            "Hay River",
            "Inuvik",
            "Norman Wells\t"
        ]
    },
    {
        "Province": "Nunavut",
        "City": [
            "Iqaluit"
        ],
        "Town": []
    },
    {
        "Province": "Ontario",
        "City": [
            "Barrie",
            "Belleville",
            "Brampton",
            "Brant",
            "Brantford",
            "Brockville",
            "Burlington",
            "Cambridge",
            "Clarence-Rockland",
            "Cornwall",
            "Dryden",
            "Elliot Lake",
            "Greater Sudbury",
            "Guelph",
            "Haldimand County",
            "Hamilton",
            "Kawartha Lakes",
            "Kenora",
            "Kingston",
            "Kitchener",
            "London",
            "Markham",
            "Mississauga",
            "Niagara Falls",
            "Norfolk County",
            "North Bay",
            "Orillia",
            "Oshawa",
            "Ottawa",
            "Owen Sound",
            "Pembroke",
            "Peterborough",
            "Pickering",
            "Port Colborne",
            "Prince Edward County",
            "Quinte West",
            "Richmond Hill",
            "Sarnia",
            "Sault Ste. Marie",
            "St. Catharines",
            "St. Thomas",
            "Stratford",
            "Temiskaming Shores",
            "Thorold",
            "Thunder Bay",
            "Timmins",
            "Toronto",
            "Vaughan",
            "Waterloo",
            "Welland",
            "Windsor",
            "Woodstock"
        ],
        "Town": [
            "Ajax",
            "Amherstburg",
            "Arnprior",
            "Atikokan",
            "Aurora",
            "Aylmer",
            "Bancroft",
            "Blind River",
            "Bracebridge",
            "Bradford West Gwillimbury",
            "Bruce Mines",
            "Caledon",
            "Carleton Place",
            "Cobalt",
            "Cobourg",
            "Cochrane",
            "Collingwood",
            "Deep River",
            "Deseronto",
            "East Gwillimbury",
            "Englehart",
            "Erin",
            "Espanola",
            "Essex",
            "Fort Erie",
            "Fort Frances",
            "Gananoque",
            "Georgina",
            "Goderich",
            "Gore Bay",
            "Grand Valley",
            "Gravenhurst",
            "Greater Napanee",
            "Grimsby",
            "Halton Hills",
            "Hanover",
            "Hawkesbury",
            "Hearst",
            "Huntsville",
            "Ingersoll",
            "Innisfil",
            "Iroquois Falls",
            "Kapuskasing",
            "Kearney",
            "Kingsville",
            "Kirkland Lake",
            "Lakeshore",
            "LaSalle",
            "Latchford",
            "Laurentian Hills",
            "Lincoln",
            "Marathon",
            "Mattawa",
            "Midland",
            "Milton",
            "Minto",
            "Mississippi Mills",
            "Mono",
            "Moosonee",
            "New Tecumseth",
            "Newmarket",
            "Niagara-on-the-Lake",
            "Northeastern Manitoulin and the Islands",
            "Oakville",
            "Orangeville",
            "Parry Sound",
            "Pelham",
            "Penetanguishene",
            "Perth",
            "Petawawa",
            "Petrolia",
            "Plympton-Wyoming",
            "Prescott",
            "Rainy River",
            "Renfrew",
            "Saugeen Shores",
            "Shelburne",
            "Smiths Falls",
            "Smooth Rock Falls",
            "South Bruce Peninsula",
            "Spanish",
            "St. Marys",
            "Tecumseh",
            "The Blue Mountains",
            "Thessalon",
            "Tillsonburg",
            "Wasaga Beach",
            "Whitby",
            "Whitchurch-Stouffville"
        ]
    },
    {
        "Province": "Prince Edward Island",
        "City": [
            "Charlottetown",
            "Summerside"
        ],
        "Town": [
            "Alberton",
            "Borden-Carleton",
            "Cornwall",
            "Kensington",
            "North Rustico",
            "O'Leary",
            "Souris",
            "Stratford",
            "Tignish",
            "Three Rivers"
        ]
    },
    {
        "Province": "Quebec",
        "City": [
            "Acton Vale",
            "Alma",
            "Amos",
            "Amqui",
            "Asbestos",
            "Baie-Comeau",
            "Baie-D'Urfé",
            "Baie-Saint-Paul",
            "Barkmere",
            "Beaconsfield",
            "Beauceville",
            "Beauharnois",
            "Beaupré",
            "Bécancour",
            "Bedford",
            "Belleterre",
            "Beloeil",
            "Berthierville",
            "Blainville",
            "Boisbriand",
            "Bois-des-Filion",
            "Bonaventure",
            "Boucherville",
            "Brome Lake",
            "Bromont",
            "Brossard",
            "Brownsburg-Chatham",
            "Candiac",
            "Cap-Chat",
            "Cap-Santé",
            "Carignan",
            "Carleton-sur-Mer",
            "Causapscal",
            "Chambly",
            "Chandler",
            "Chapais",
            "Charlemagne",
            "Châteauguay",
            "Château-Richer",
            "Chibougamau",
            "Clermont",
            "Coaticook",
            "Contrecoeur",
            "Cookshire-Eaton",
            "Côte Saint-Luc",
            "Coteau-du-Lac",
            "Cowansville",
            "Danville",
            "Daveluyville",
            "Dégelis",
            "Delson",
            "Desbiens",
            "Deux-Montagnes",
            "Disraeli",
            "Dolbeau-Mistassini",
            "Dollard-des-Ormeaux",
            "Donnacona",
            "Dorval",
            "Drummondville",
            "Dunham",
            "Duparquet",
            "East Angus",
            "Estérel",
            "Farnham",
            "Fermont",
            "Forestville",
            "Fossambault-sur-le-Lac",
            "Gaspé",
            "Gatineau",
            "Gracefield",
            "Granby",
            "Grande-Rivière",
            "Hampstead",
            "Hudson",
            "Huntingdon",
            "Joliette",
            "Kingsey Falls",
            "Kirkland",
            "La Malbaie",
            "La Pocatière",
            "La Prairie",
            "La Sarre",
            "La Tuque",
            "Lac-Delage",
            "Lachute",
            "Lac-Mégantic",
            "Lac-Saint-Joseph",
            "Lac-Sergent",
            "L'Ancienne-Lorette",
            "L'Assomption",
            "Laval",
            "Lavaltrie",
            "Lebel-sur-Quévillon",
            "L'Épiphanie",
            "Léry",
            "Lévis",
            "L'Île-Cadieux",
            "L'Île-Dorval",
            "L'Île-Perrot",
            "Longueuil",
            "Lorraine",
            "Louiseville",
            "Macamic",
            "Magog",
            "Malartic",
            "Maniwaki",
            "Marieville",
            "Mascouche",
            "Matagami",
            "Matane",
            "Mercier",
            "Métabetchouan–Lac-à-la-Croix",
            "Métis-sur-Mer",
            "Mirabel",
            "Mont-Joli",
            "Mont-Laurier",
            "Montmagny",
            "Montreal",
            "Montreal West",
            "Montréal-Est",
            "Mont-Saint-Hilaire",
            "Mont-Tremblant",
            "Mount Royal",
            "Murdochville",
            "Neuville",
            "New Richmond",
            "Nicolet",
            "Normandin",
            "Notre-Dame-de-l'Île-Perrot",
            "Notre-Dame-des-Prairies",
            "Otterburn Park",
            "Paspébiac",
            "Percé",
            "Pincourt",
            "Plessisville",
            "Pohénégamook",
            "Pointe-Claire",
            "Pont-Rouge",
            "Port-Cartier",
            "Portneuf",
            "Prévost",
            "Princeville",
            "Québec",
            "Repentigny",
            "Richelieu",
            "Richmond",
            "Rimouski",
            "Rivière-du-Loup",
            "Rivière-Rouge",
            "Roberval",
            "Rosemère",
            "Rouyn-Noranda",
            "Saguenay",
            "Saint-Augustin-de-Desmaures",
            "Saint-Basile",
            "Saint-Basile-le-Grand",
            "Saint-Bruno-de-Montarville",
            "Saint-Césaire",
            "Saint-Colomban",
            "Saint-Constant",
            "Sainte-Adèle",
            "Sainte-Agathe-des-Monts",
            "Sainte-Anne-de-Beaupré",
            "Sainte-Anne-de-Bellevue",
            "Sainte-Anne-des-Monts",
            "Sainte-Anne-des-Plaines",
            "Sainte-Catherine",
            "Sainte-Catherine-de-la-Jacques-Cartier",
            "Sainte-Julie",
            "Sainte-Marguerite-du-Lac-Masson",
            "Sainte-Marie",
            "Sainte-Marthe-sur-le-Lac",
            "Sainte-Thérèse",
            "Saint-Eustache",
            "Saint-Félicien",
            "Saint-Gabriel",
            "Saint-Georges",
            "Saint-Hyacinthe",
            "Saint-Jean-sur-Richelieu",
            "Saint-Jérôme",
            "Saint-Joseph-de-Beauce",
            "Saint-Joseph-de-Sorel",
            "Saint-Lambert",
            "Saint-Lazare",
            "Saint-Lin-Laurentides",
            "Saint-Marc-des-Carrières",
            "Saint-Ours",
            "Saint-Pamphile",
            "Saint-Pascal",
            "Saint-Pie",
            "Saint-Raymond",
            "Saint-Rémi",
            "Saint-Sauveur",
            "Saint-Tite",
            "Salaberry-de-Valleyfield",
            "Schefferville",
            "Scotstown",
            "Senneterre",
            "Sept-Îles",
            "Shawinigan",
            "Sherbrooke",
            "Sorel-Tracy",
            "Stanstead",
            "Sutton",
            "Témiscaming",
            "Témiscouata-sur-le-Lac",
            "Terrebonne",
            "Thetford Mines",
            "Thurso",
            "Trois-Pistoles",
            "Trois-Rivières",
            "Valcourt",
            "Val-d'Or",
            "Varennes",
            "Vaudreuil-Dorion",
            "Victoriaville",
            "Ville-Marie",
            "Warwick",
            "Waterloo",
            "Waterville",
            "Westmount",
            "Windsor"
        ],
        "Town": [
            "Acton Vale",
            "Alma",
            "Amos",
            "Amqui",
            "Asbestos",
            "Baie-Comeau",
            "Baie-D'Urfé",
            "Baie-Saint-Paul",
            "Barkmere",
            "Beaconsfield",
            "Beauceville",
            "Beauharnois",
            "Beaupré",
            "Bécancour",
            "Bedford",
            "Belleterre",
            "Beloeil",
            "Berthierville",
            "Blainville",
            "Boisbriand",
            "Bois-des-Filion",
            "Bonaventure",
            "Boucherville",
            "Brome Lake",
            "Bromont",
            "Brossard",
            "Brownsburg-Chatham",
            "Candiac",
            "Cap-Chat",
            "Cap-Santé",
            "Carignan",
            "Carleton-sur-Mer",
            "Causapscal",
            "Chambly",
            "Chandler",
            "Chapais",
            "Charlemagne",
            "Châteauguay",
            "Château-Richer",
            "Chibougamau",
            "Clermont",
            "Coaticook",
            "Contrecoeur",
            "Cookshire-Eaton",
            "Côte Saint-Luc",
            "Coteau-du-Lac",
            "Cowansville",
            "Danville",
            "Daveluyville",
            "Dégelis",
            "Delson",
            "Desbiens",
            "Deux-Montagnes",
            "Disraeli",
            "Dolbeau-Mistassini",
            "Dollard-des-Ormeaux",
            "Donnacona",
            "Dorval",
            "Drummondville",
            "Dunham",
            "Duparquet",
            "East Angus",
            "Estérel",
            "Farnham",
            "Fermont",
            "Forestville",
            "Fossambault-sur-le-Lac",
            "Gaspé",
            "Gatineau",
            "Gracefield",
            "Granby",
            "Grande-Rivière",
            "Hampstead",
            "Hudson",
            "Huntingdon",
            "Joliette",
            "Kingsey Falls",
            "Kirkland",
            "La Malbaie",
            "La Pocatière",
            "La Prairie",
            "La Sarre",
            "La Tuque[QC 1]",
            "Lac-Delage",
            "Lachute",
            "Lac-Mégantic",
            "Lac-Saint-Joseph",
            "Lac-Sergent",
            "L'Ancienne-Lorette",
            "L'Assomption",
            "Laval",
            "Lavaltrie",
            "Lebel-sur-Quévillon",
            "L'Épiphanie",
            "Léry",
            "Lévis",
            "L'Île-Cadieux",
            "L'Île-Dorval[QC 2]",
            "L'Île-Perrot",
            "Longueuil",
            "Lorraine",
            "Louiseville",
            "Macamic",
            "Magog",
            "Malartic",
            "Maniwaki",
            "Marieville",
            "Mascouche",
            "Matagami",
            "Matane",
            "Mercier",
            "Métabetchouan–Lac-à-la-Croix",
            "Métis-sur-Mer",
            "Mirabel",
            "Mont-Joli",
            "Mont-Laurier",
            "Montmagny",
            "Montreal[QC 3]",
            "Montreal West",
            "Montréal-Est",
            "Mont-Saint-Hilaire",
            "Mont-Tremblant",
            "Mount Royal",
            "Murdochville",
            "Neuville",
            "New Richmond",
            "Nicolet",
            "Normandin",
            "Notre-Dame-de-l'Île-Perrot",
            "Notre-Dame-des-Prairies",
            "Otterburn Park",
            "Paspébiac",
            "Percé",
            "Pincourt",
            "Plessisville",
            "Pohénégamook",
            "Pointe-Claire",
            "Pont-Rouge",
            "Port-Cartier",
            "Portneuf",
            "Prévost",
            "Princeville",
            "Québec[QC 4]",
            "Repentigny",
            "Richelieu",
            "Richmond",
            "Rimouski",
            "Rivière-du-Loup",
            "Rivière-Rouge",
            "Roberval",
            "Rosemère",
            "Rouyn-Noranda",
            "Saguenay",
            "Saint-Augustin-de-Desmaures",
            "Saint-Basile",
            "Saint-Basile-le-Grand",
            "Saint-Bruno-de-Montarville",
            "Saint-Césaire",
            "Saint-Colomban",
            "Saint-Constant",
            "Sainte-Adèle",
            "Sainte-Agathe-des-Monts",
            "Sainte-Anne-de-Beaupré",
            "Sainte-Anne-de-Bellevue",
            "Sainte-Anne-des-Monts",
            "Sainte-Anne-des-Plaines",
            "Sainte-Catherine",
            "Sainte-Catherine-de-la-Jacques-Cartier",
            "Sainte-Julie",
            "Sainte-Marguerite-du-Lac-Masson",
            "Sainte-Marie",
            "Sainte-Marthe-sur-le-Lac",
            "Sainte-Thérèse",
            "Saint-Eustache",
            "Saint-Félicien",
            "Saint-Gabriel",
            "Saint-Georges",
            "Saint-Hyacinthe",
            "Saint-Jean-sur-Richelieu",
            "Saint-Jérôme",
            "Saint-Joseph-de-Beauce",
            "Saint-Joseph-de-Sorel",
            "Saint-Lambert",
            "Saint-Lazare",
            "Saint-Lin-Laurentides",
            "Saint-Marc-des-Carrières",
            "Saint-Ours",
            "Saint-Pamphile",
            "Saint-Pascal",
            "Saint-Pie",
            "Saint-Raymond",
            "Saint-Rémi",
            "Saint-Sauveur",
            "Saint-Tite",
            "Salaberry-de-Valleyfield",
            "Schefferville",
            "Scotstown",
            "Senneterre",
            "Sept-Îles",
            "Shawinigan",
            "Sherbrooke",
            "Sorel-Tracy",
            "Stanstead",
            "Sutton",
            "Témiscaming",
            "Témiscouata-sur-le-Lac",
            "Terrebonne",
            "Thetford Mines",
            "Thurso",
            "Trois-Pistoles",
            "Trois-Rivières",
            "Valcourt",
            "Val-d'Or",
            "Varennes",
            "Vaudreuil-Dorion",
            "Victoriaville",
            "Ville-Marie",
            "Warwick",
            "Waterloo",
            "Waterville",
            "Westmount",
            "Windsor"
        ]
    },
    {
        "Province": "Yukon",
        "City": [
            "Whitehorse"
        ],
        "Town": [
            "Dawson City",
            "Faro",
            "Watson Lake"
        ]
    },
    {
        "Province": "Saskatchewan",
        "City": [
            "Estevan",
            "Flin Flon",
            "Humboldt",
            "Lloydminster",
            "Martensville",
            "Meadow Lake",
            "Melfort",
            "Melville",
            "Moose Jaw",
            "North Battleford",
            "Prince Albert",
            "Regina",
            "Saskatoon",
            "Swift Current",
            "Warman",
            "Weyburn",
            "Yorkton"
        ],
        "Town": [
            "Aberdeen",
            "Alameda",
            "Allan",
            "Arborfield",
            "Arcola",
            "Asquith",
            "Assiniboia",
            "Balcarres",
            "Balgonie",
            "Battleford",
            "Bengough",
            "Bienfait",
            "Big River",
            "Biggar",
            "Birch Hills",
            "Blaine Lake",
            "Bredenbury",
            "Broadview",
            "Bruno",
            "Burstall",
            "Cabri",
            "Canora",
            "Carlyle",
            "Carnduff",
            "Carrot River",
            "Central Butte",
            "Choiceland",
            "Churchbridge",
            "Colonsay",
            "Coronach",
            "Craik",
            "Cudworth",
            "Cupar",
            "Cut Knife",
            "Dalmeny",
            "Davidson",
            "Delisle",
            "Duck Lake",
            "Dundurn",
            "Eastend",
            "Eatonia",
            "Elrose",
            "Esterhazy",
            "Eston",
            "Fleming",
            "Foam Lake",
            "Fort Qu'Appelle",
            "Francis",
            "Govan",
            "Grand Coulee",
            "Gravelbourg",
            "Grenfell",
            "Gull Lake",
            "Hafford",
            "Hague",
            "Hanley",
            "Hepburn",
            "Herbert",
            "Hudson Bay",
            "Imperial",
            "Indian Head",
            "Ituna",
            "Kamsack",
            "Kelvington",
            "Kerrobert",
            "Kindersley",
            "Kinistino",
            "Kipling",
            "Kyle",
            "Lafleche",
            "Lampman",
            "Langenburg",
            "Langham",
            "Lanigan",
            "Lashburn",
            "Leader",
            "Lemberg",
            "Leroy",
            "Lumsden",
            "Luseland",
            "Macklin",
            "Maidstone",
            "Maple Creek",
            "Marshall",
            "Midale",
            "Milestone",
            "Moosomin",
            "Morse",
            "Mossbank",
            "Naicam",
            "Nipawin",
            "Nokomis",
            "Norquay",
            "Ogema",
            "Osler",
            "Outlook",
            "Oxbow",
            "Pense",
            "Pilot Butte",
            "Ponteix",
            "Porcupine Plain",
            "Preeceville",
            "Qu'Appelle",
            "Radisson",
            "Radville",
            "Raymore",
            "Redvers",
            "Regina Beach",
            "Rocanville",
            "Rockglen",
            "Rose Valley",
            "Rosetown",
            "Rosthern",
            "Rouleau",
            "Saltcoats",
            "Scott",
            "Shaunavon",
            "Shellbrook",
            "Sintaluta",
            "Southey",
            "Spiritwood",
            "Springside",
            "St. Brieux",
            "St. Walburg",
            "Star City",
            "Stoughton",
            "Strasbourg",
            "Sturgis",
            "Tisdale",
            "Turtleford",
            "Unity",
            "Vonda",
            "Wadena",
            "Wakaw",
            "Waldheim",
            "Wapella",
            "Watrous",
            "Watson",
            "Wawota",
            "White City",
            "Whitewood",
            "Wilkie",
            "Willow Bunch",
            "Wolseley",
            "Wynyard",
            "Yellow Grass",
            "Zealandia"
        ]
    },
    {
        "Province": "Nova Scotia",
        "City": [],
        "Town": [
            "Amherst",
            "Annapolis Royal",
            "Antigonish",
            "Berwick",
            "Bridgewater",
            "Clark's Harbour",
            "Digby",
            "Kentville",
            "Lockeport",
            "Lunenburg",
            "Mahone Bay",
            "Middleton",
            "Mulgrave",
            "New Glasgow",
            "Oxford",
            "Pictou",
            "Port Hawkesbury",
            "Shelburne",
            "Stellarton",
            "Stewiacke",
            "Trenton",
            "Truro",
            "Westville",
            "Windsor",
            "Wolfville",
            "Yarmouth",
            "Bedford",
            "Bridgetown",
            "Canso",
            "Dominion",
            "Glace Bay",
            "Hantsport",
            "Inverness",
            "Joggins",
            "Liverpool",
            "Louisbourg",
            "New Waterford",
            "North Sydney",
            "Parrsboro",
            "Port Hood",
            "Springhill",
            "Sydney Mines",
            "Wedgeport"
        ]
    }
]